{"cameraMode":{"drawMode":0,"name":"Shaded","section":"Shading Mode"},"sceneLighting":true,"audioPlay":false,"sceneViewState":{"showFog":true,"showMaterialUpdate":false,"showSkybox":true,"showFlares":true,"showImageEffects":true,"showParticleSystems":true,"showVisualEffectGraphs":true,"m_FxEnabled":true},"in2DMode":false,"pivot":{"x":-0.14920806884765626,"y":-0.25557708740234377,"z":-0.4987354278564453},"rotation":{"x":0.12306254357099533,"y":0.7299890518188477,"z":-0.1364670991897583,"w":0.6582943797111511},"size":71.63998413085938,"orthographic":false}