{"cameraMode":{"drawMode":0,"name":"Shaded","section":"Shading Mode"},"sceneLighting":true,"audioPlay":false,"sceneViewState":{"showFog":true,"showMaterialUpdate":false,"showSkybox":true,"showFlares":true,"showImageEffects":true,"showParticleSystems":true,"showVisualEffectGraphs":true,"m_FxEnabled":true},"in2DMode":false,"pivot":{"x":1.4731236696243287,"y":0.5156336426734924,"z":-2.418393850326538},"rotation":{"x":-0.00028702954296022654,"y":0.9955071806907654,"z":-0.09466740489006043,"w":-0.0030010188929736616},"size":4.421369552612305,"orthographic":false}